caseKey,caseName,caseDescription,caseWeight,scenarioKey,scenario,totalBills,potentialBillsPerRun,enactedBills,enactedPerRun,floorPerRun,productivity,floor,avgSupport,welfare,cooperation,compromise,gridlock,accessDenied,committeeRejected,challengeRate,lowSupport,popularFail,policyShift,proposerGain,lobbyCapture,publicAlignment,antiLobbyingSuccess,privateGainRatio,lobbySpendPerBill,defensiveLobbyingShare,captureReturnOnSpend,publicPreferenceDistortion,amendmentRate,amendmentMovement,minorityHarm,concentratedHarmPassage,compensationRate,legitimacy,activeLawWelfare,reversalRate,timeToCorrectBadLaw,statusQuoVolatility,lowSupportActiveLawShare,selectedAlternativeMedianDistance,proposerAgendaAdvantage,alternativeDiversity,statusQuoWinRate,publicBenefitPerLobbyDollar,directLobbySpendShare,agendaLobbySpendShare,informationLobbySpendShare,publicCampaignSpendShare,litigationThreatSpendShare,citizenReviewRate,citizenCertificationRate,citizenLegitimacy,attentionSpendPerBill,objectionWindowRate,repealWindowReversalRate,fastLaneRate,middleLaneRate,highRiskLaneRate,challengeExhaustionRate,falseNegativePassRate,publicWillReviewRate,publicSignalMovement,districtAlignment,crossBlocAdmissionRate,affectedGroupSponsorshipRate,averageCosponsors,proposalBondForfeiture,strategicDecoyRate,proposerAccessGini,welfarePerSubmittedBill,vetoes,overriddenVetoes
era-1-low-contention,Era 1 Low Contention,"Stylized low-contention legislature with several parties, high compromise culture, lower lobbying, and stronger constituency responsiveness.",1.000,current-system,Current U.S.-style system,7200,60.000,1582,13.183,60.000,0.220,1.000,0.709,0.697,0.156,0.342,0.780,0.000,0.000,0.000,0.000,0.520,0.056,0.184,0.157,0.863,0.523,0.268,0.000,0.000,0.000,0.137,0.000,0.000,0.049,0.086,0.000,0.666,0.000,0.000,0.000,0.056,0.000,0.000,0.000,0.000,0.000,0.000,0.000,0.000,0.000,0.000,0.000,0.000,0.000,0.000,0.000,0.000,0.000,0.000,0.000,0.000,0.000,0.000,0.000,0.000,0.000,0.000,0.000,0.000,0.000,0.000,0.073,0.153,386,4
era-1-low-contention,Era 1 Low Contention,"Stylized low-contention legislature with several parties, high compromise culture, lower lobbying, and stronger constituency responsiveness.",1.000,simple-majority,Unicameral simple majority,7200,60.000,3631,30.258,60.000,0.504,1.000,0.643,0.635,0.324,0.255,0.496,0.000,0.000,0.000,0.000,0.169,0.186,0.276,0.178,0.856,0.921,0.311,0.000,0.000,0.000,0.144,0.000,0.000,0.078,0.280,0.000,0.569,0.000,0.000,0.000,0.186,0.000,0.000,0.000,0.000,0.000,0.000,0.000,0.000,0.000,0.000,0.000,0.000,0.000,0.000,0.000,0.000,0.000,0.000,0.000,0.000,0.000,0.000,0.000,0.000,0.000,0.000,0.000,0.000,0.000,0.000,0.073,0.320,0,0
era-1-low-contention,Era 1 Low Contention,"Stylized low-contention legislature with several parties, high compromise culture, lower lobbying, and stronger constituency responsiveness.",1.000,supermajority-60,Unicameral 60 percent passage,7200,60.000,2109,17.575,60.000,0.293,1.000,0.694,0.686,0.203,0.322,0.707,0.000,0.000,0.000,0.000,0.383,0.081,0.203,0.159,0.867,0.727,0.270,0.000,0.000,0.000,0.133,0.000,0.000,0.055,0.119,0.000,0.646,0.000,0.000,0.000,0.081,0.000,0.000,0.000,0.000,0.000,0.000,0.000,0.000,0.000,0.000,0.000,0.000,0.000,0.000,0.000,0.000,0.000,0.000,0.000,0.000,0.000,0.000,0.000,0.000,0.000,0.000,0.000,0.000,0.000,0.000,0.073,0.201,0,0
era-1-low-contention,Era 1 Low Contention,"Stylized low-contention legislature with several parties, high compromise culture, lower lobbying, and stronger constituency responsiveness.",1.000,bicameral-majority,Bicameral simple majority,7200,60.000,2887,24.058,60.000,0.401,1.000,0.664,0.655,0.266,0.283,0.599,0.000,0.000,0.000,0.000,0.270,0.129,0.237,0.171,0.864,0.838,0.294,0.000,0.000,0.000,0.136,0.000,0.000,0.069,0.199,0.000,0.599,0.000,0.000,0.000,0.129,0.000,0.000,0.000,0.000,0.000,0.000,0.000,0.000,0.000,0.000,0.000,0.000,0.000,0.000,0.000,0.000,0.000,0.000,0.000,0.000,0.000,0.000,0.000,0.000,0.000,0.000,0.000,0.000,0.000,0.000,0.073,0.263,0,0
era-1-low-contention,Era 1 Low Contention,"Stylized low-contention legislature with several parties, high compromise culture, lower lobbying, and stronger constituency responsiveness.",1.000,presidential-veto,Bicameral majority + presidential veto,7200,60.000,2048,17.067,60.000,0.284,1.000,0.686,0.680,0.195,0.318,0.716,0.000,0.000,0.000,0.000,0.424,0.080,0.200,0.163,0.864,0.653,0.273,0.000,0.000,0.000,0.136,0.000,0.000,0.059,0.124,0.000,0.633,0.000,0.000,0.000,0.080,0.000,0.000,0.000,0.000,0.000,0.000,0.000,0.000,0.000,0.000,0.000,0.000,0.000,0.000,0.000,0.000,0.000,0.000,0.000,0.000,0.000,0.000,0.000,0.000,0.000,0.000,0.000,0.000,0.000,0.000,0.073,0.194,826,9
era-1-low-contention,Era 1 Low Contention,"Stylized low-contention legislature with several parties, high compromise culture, lower lobbying, and stronger constituency responsiveness.",1.000,default-pass,Default pass unless 2/3 block,7200,60.000,6060,50.500,60.000,0.842,1.000,0.579,0.560,0.487,0.176,0.158,0.000,0.000,0.000,0.327,0.014,0.455,0.404,0.202,0.835,1.000,0.385,0.000,0.000,0.000,0.165,0.000,0.000,0.116,0.668,0.000,0.466,0.000,0.000,0.000,0.455,0.000,0.000,0.000,0.000,0.000,0.000,0.000,0.000,0.000,0.000,0.000,0.000,0.000,0.000,0.000,0.000,0.000,0.000,0.000,0.000,0.000,0.000,0.000,0.000,0.000,0.000,0.000,0.000,0.000,0.000,0.073,0.471,0,0
era-1-low-contention,Era 1 Low Contention,"Stylized low-contention legislature with several parties, high compromise culture, lower lobbying, and stronger constituency responsiveness.",1.000,default-pass-challenge,Default pass + challenge vouchers,7200,60.000,4166,34.717,60.000,0.579,1.000,0.620,0.609,0.359,0.237,0.421,0.000,0.000,0.657,0.099,0.150,0.228,0.292,0.184,0.853,0.938,0.331,0.000,0.000,0.000,0.147,0.000,0.000,0.089,0.345,0.000,0.533,0.000,0.000,0.000,0.228,0.000,0.000,0.000,0.000,0.000,0.000,0.000,0.000,0.000,0.000,0.000,0.000,0.000,0.000,0.000,0.000,0.000,0.000,0.000,0.000,0.144,0.122,0.000,0.000,0.000,0.000,0.000,0.000,0.000,0.000,0.073,0.352,0,0
era-1-low-contention,Era 1 Low Contention,"Stylized low-contention legislature with several parties, high compromise culture, lower lobbying, and stronger constituency responsiveness.",1.000,default-pass-multiround-mediation-challenge,Default pass + multi-round mediation + challenge,7200,60.000,5608,46.733,60.000,0.779,1.000,0.616,0.537,0.480,0.251,0.221,0.000,0.000,0.608,0.079,0.108,0.257,0.274,0.206,0.856,0.935,0.433,0.000,0.000,0.000,0.144,0.579,0.169,0.093,0.759,0.142,0.505,0.000,0.000,0.000,0.257,0.000,0.000,0.000,0.000,0.000,0.000,0.000,0.000,0.000,0.000,0.000,0.000,0.000,0.000,0.000,0.000,0.000,0.000,0.000,0.000,0.136,0.163,0.000,0.000,0.000,0.000,0.000,0.000,0.000,0.000,0.073,0.418,0,0
era-1-low-contention,Era 1 Low Contention,"Stylized low-contention legislature with several parties, high compromise culture, lower lobbying, and stronger constituency responsiveness.",1.000,default-pass-constituent-citizen-panel,Default pass + constituent public will + citizen panel,7200,60.000,4100,34.167,60.000,0.569,1.000,0.608,0.631,0.346,0.236,0.431,0.000,0.000,0.000,0.107,0.011,0.222,0.292,0.180,0.890,0.977,0.300,0.000,0.000,0.000,0.110,0.000,0.000,0.090,0.266,0.000,0.540,0.000,0.000,0.000,0.222,0.000,0.000,0.000,0.000,0.000,0.000,0.000,0.000,0.000,0.000,0.000,1.000,0.402,0.551,0.000,0.000,0.000,0.000,0.000,0.000,0.000,0.000,1.000,0.286,0.438,0.000,0.000,0.000,0.000,0.000,0.073,0.359,0,0
era-1-low-contention,Era 1 Low Contention,"Stylized low-contention legislature with several parties, high compromise culture, lower lobbying, and stronger constituency responsiveness.",1.000,default-pass-adaptive-track-strict,Default pass + adaptive tracks strict,7200,60.000,3652,30.433,50.508,0.507,0.842,0.642,0.637,0.326,0.253,0.493,0.153,0.005,0.000,0.012,0.151,0.186,0.270,0.174,0.857,0.931,0.298,0.000,0.000,0.000,0.143,0.000,0.000,0.076,0.273,0.000,0.574,0.000,0.000,0.000,0.186,0.000,0.000,0.000,0.000,0.000,0.000,0.000,0.000,0.000,0.000,0.000,0.000,0.000,0.000,0.000,0.000,0.000,0.150,0.689,0.161,0.000,0.000,0.000,0.000,0.000,0.000,0.000,0.000,0.000,0.000,0.077,0.323,0,0
era-1-low-contention,Era 1 Low Contention,"Stylized low-contention legislature with several parties, high compromise culture, lower lobbying, and stronger constituency responsiveness.",1.000,default-pass-alternatives-pairwise,Default pass + pairwise policy tournament,7200,60.000,4437,36.975,36.975,0.616,0.616,0.733,0.684,0.452,0.639,0.384,0.384,0.000,0.000,0.000,0.001,0.004,0.003,0.158,0.885,0.972,0.273,0.000,0.000,0.000,0.115,0.616,0.256,0.038,0.025,0.000,0.679,0.000,0.000,0.000,0.004,0.000,0.001,0.002,6.000,0.384,0.000,0.000,0.000,0.000,0.000,0.000,0.000,0.000,0.000,0.000,0.000,0.000,0.000,0.000,0.000,0.000,0.000,0.000,0.000,0.000,0.000,0.000,0.000,0.000,0.000,0.093,0.422,0,0
era-1-low-contention,Era 1 Low Contention,"Stylized low-contention legislature with several parties, high compromise culture, lower lobbying, and stronger constituency responsiveness.",1.000,default-pass-affected-sponsor-gate,Default pass + affected-group sponsor gate,7200,60.000,3373,28.108,28.175,0.468,0.470,0.661,0.655,0.310,0.244,0.532,0.530,0.000,0.000,0.103,0.102,0.187,0.289,0.156,0.841,0.947,0.269,0.000,0.000,0.000,0.159,0.000,0.000,0.042,0.198,0.000,0.659,0.000,0.000,0.000,0.187,0.000,0.000,0.000,0.000,0.000,0.000,0.000,0.000,0.000,0.000,0.000,0.000,0.000,0.000,0.000,0.000,0.000,0.000,0.000,0.000,0.000,0.000,0.000,0.000,0.000,0.470,0.486,22.545,0.000,0.000,0.103,0.307,0,0
era-1-low-contention,Era 1 Low Contention,"Stylized low-contention legislature with several parties, high compromise culture, lower lobbying, and stronger constituency responsiveness.",1.000,default-pass-public-objection,Default pass + public objection window,7200,60.000,4554,37.950,60.000,0.633,1.000,0.614,0.608,0.388,0.221,0.368,0.000,0.000,0.000,0.153,0.075,0.261,0.304,0.180,0.848,0.965,0.314,0.000,0.000,0.000,0.152,0.000,0.000,0.087,0.356,0.000,0.533,0.000,0.000,0.000,0.261,0.000,0.000,0.000,0.000,0.000,0.000,0.000,0.000,0.000,0.000,0.000,0.000,0.000,0.000,0.000,0.496,0.000,0.000,0.000,0.000,0.000,0.000,0.000,0.000,0.000,0.000,0.000,0.000,0.000,0.000,0.073,0.384,0,0
era-1-low-contention,Era 1 Low Contention,"Stylized low-contention legislature with several parties, high compromise culture, lower lobbying, and stronger constituency responsiveness.",1.000,default-pass-law-registry,Default pass + law registry,7200,60.000,6236,51.967,60.000,0.866,1.000,0.602,0.553,0.522,0.204,0.134,0.000,0.000,0.000,0.274,0.013,0.636,0.406,0.204,0.823,0.995,0.391,0.000,0.000,0.000,0.177,0.000,0.000,0.120,0.720,0.000,0.466,0.592,0.469,5.105,0.636,0.050,0.000,0.000,0.000,0.000,0.000,0.000,0.000,0.000,0.000,0.000,0.000,0.000,0.000,0.000,0.000,0.000,0.000,0.000,0.000,0.000,0.000,0.000,0.000,0.000,0.000,0.000,0.000,0.000,0.000,0.073,0.479,0,0
era-2-normal,Era 2 Normal Contention,Stylized ordinary-contention legislature with two major parties plus minors and moderate party loyalty.,1.000,current-system,Current U.S.-style system,7200,60.000,1057,8.808,60.000,0.147,1.000,0.696,0.715,0.102,0.360,0.853,0.000,0.000,0.000,0.000,0.635,0.034,0.168,0.178,0.848,0.425,0.304,0.000,0.000,0.000,0.152,0.000,0.000,0.050,0.056,0.000,0.677,0.000,0.000,0.000,0.034,0.000,0.000,0.000,0.000,0.000,0.000,0.000,0.000,0.000,0.000,0.000,0.000,0.000,0.000,0.000,0.000,0.000,0.000,0.000,0.000,0.000,0.000,0.000,0.000,0.000,0.000,0.000,0.000,0.000,0.000,0.067,0.105,343,7
era-2-normal,Era 2 Normal Contention,Stylized ordinary-contention legislature with two major parties plus minors and moderate party loyalty.,1.000,simple-majority,Unicameral simple majority,7200,60.000,2893,24.108,60.000,0.402,1.000,0.623,0.640,0.250,0.251,0.598,0.000,0.000,0.000,0.000,0.253,0.152,0.295,0.194,0.843,0.862,0.352,0.000,0.000,0.000,0.157,0.000,0.000,0.076,0.178,0.000,0.574,0.000,0.000,0.000,0.152,0.000,0.000,0.000,0.000,0.000,0.000,0.000,0.000,0.000,0.000,0.000,0.000,0.000,0.000,0.000,0.000,0.000,0.000,0.000,0.000,0.000,0.000,0.000,0.000,0.000,0.000,0.000,0.000,0.000,0.000,0.067,0.257,0,0
era-2-normal,Era 2 Normal Contention,Stylized ordinary-contention legislature with two major parties plus minors and moderate party loyalty.,1.000,supermajority-60,Unicameral 60 percent passage,7200,60.000,1415,11.792,60.000,0.197,1.000,0.682,0.702,0.134,0.342,0.803,0.000,0.000,0.000,0.000,0.531,0.049,0.192,0.181,0.850,0.549,0.313,0.000,0.000,0.000,0.150,0.000,0.000,0.052,0.066,0.000,0.657,0.000,0.000,0.000,0.049,0.000,0.000,0.000,0.000,0.000,0.000,0.000,0.000,0.000,0.000,0.000,0.000,0.000,0.000,0.000,0.000,0.000,0.000,0.000,0.000,0.000,0.000,0.000,0.000,0.000,0.000,0.000,0.000,0.000,0.000,0.067,0.138,0,0
era-2-normal,Era 2 Normal Contention,Stylized ordinary-contention legislature with two major parties plus minors and moderate party loyalty.,1.000,bicameral-majority,Bicameral simple majority,7200,60.000,2208,18.400,60.000,0.307,1.000,0.645,0.660,0.198,0.281,0.693,0.000,0.000,0.000,0.000,0.369,0.101,0.251,0.193,0.843,0.732,0.345,0.000,0.000,0.000,0.157,0.000,0.000,0.068,0.129,0.000,0.604,0.000,0.000,0.000,0.101,0.000,0.000,0.000,0.000,0.000,0.000,0.000,0.000,0.000,0.000,0.000,0.000,0.000,0.000,0.000,0.000,0.000,0.000,0.000,0.000,0.000,0.000,0.000,0.000,0.000,0.000,0.000,0.000,0.000,0.000,0.067,0.202,0,0
era-2-normal,Era 2 Normal Contention,Stylized ordinary-contention legislature with two major parties plus minors and moderate party loyalty.,1.000,presidential-veto,Bicameral majority + presidential veto,7200,60.000,1516,12.633,60.000,0.211,1.000,0.661,0.687,0.139,0.314,0.789,0.000,0.000,0.000,0.000,0.530,0.061,0.217,0.183,0.842,0.562,0.324,0.000,0.000,0.000,0.158,0.000,0.000,0.058,0.088,0.000,0.635,0.000,0.000,0.000,0.061,0.000,0.000,0.000,0.000,0.000,0.000,0.000,0.000,0.000,0.000,0.000,0.000,0.000,0.000,0.000,0.000,0.000,0.000,0.000,0.000,0.000,0.000,0.000,0.000,0.000,0.000,0.000,0.000,0.000,0.000,0.067,0.145,647,11
era-2-normal,Era 2 Normal Contention,Stylized ordinary-contention legislature with two major parties plus minors and moderate party loyalty.,1.000,default-pass,Default pass unless 2/3 block,7200,60.000,6038,50.317,60.000,0.839,1.000,0.557,0.532,0.467,0.148,0.161,0.000,0.000,0.000,0.383,0.017,0.536,0.504,0.227,0.824,0.994,0.471,0.000,0.000,0.000,0.176,0.000,0.000,0.135,0.728,0.000,0.438,0.000,0.000,0.000,0.536,0.000,0.000,0.000,0.000,0.000,0.000,0.000,0.000,0.000,0.000,0.000,0.000,0.000,0.000,0.000,0.000,0.000,0.000,0.000,0.000,0.000,0.000,0.000,0.000,0.000,0.000,0.000,0.000,0.000,0.000,0.067,0.446,0,0
era-2-normal,Era 2 Normal Contention,Stylized ordinary-contention legislature with two major parties plus minors and moderate party loyalty.,1.000,default-pass-challenge,Default pass + challenge vouchers,7200,60.000,3289,27.408,60.000,0.457,1.000,0.605,0.621,0.277,0.239,0.543,0.000,0.000,0.730,0.103,0.230,0.168,0.283,0.196,0.845,0.894,0.357,0.000,0.000,0.000,0.155,0.000,0.000,0.086,0.227,0.000,0.544,0.000,0.000,0.000,0.168,0.000,0.000,0.000,0.000,0.000,0.000,0.000,0.000,0.000,0.000,0.000,0.000,0.000,0.000,0.000,0.000,0.000,0.000,0.000,0.000,0.115,0.095,0.000,0.000,0.000,0.000,0.000,0.000,0.000,0.000,0.067,0.284,0,0
era-2-normal,Era 2 Normal Contention,Stylized ordinary-contention legislature with two major parties plus minors and moderate party loyalty.,1.000,default-pass-multiround-mediation-challenge,Default pass + multi-round mediation + challenge,7200,60.000,5321,44.342,60.000,0.739,1.000,0.590,0.511,0.436,0.245,0.261,0.000,0.000,0.593,0.118,0.156,0.249,0.292,0.236,0.849,0.879,0.551,0.000,0.000,0.000,0.151,0.639,0.210,0.100,0.691,0.183,0.485,0.000,0.000,0.000,0.249,0.000,0.000,0.000,0.000,0.000,0.000,0.000,0.000,0.000,0.000,0.000,0.000,0.000,0.000,0.000,0.000,0.000,0.000,0.000,0.000,0.182,0.203,0.000,0.000,0.000,0.000,0.000,0.000,0.000,0.000,0.067,0.377,0,0
era-2-normal,Era 2 Normal Contention,Stylized ordinary-contention legislature with two major parties plus minors and moderate party loyalty.,1.000,default-pass-constituent-citizen-panel,Default pass + constituent public will + citizen panel,7200,60.000,3476,28.967,60.000,0.483,1.000,0.587,0.636,0.284,0.225,0.517,0.000,0.000,0.000,0.146,0.006,0.209,0.335,0.192,0.882,0.983,0.327,0.000,0.000,0.000,0.118,0.000,0.000,0.092,0.194,0.000,0.537,0.000,0.000,0.000,0.209,0.000,0.000,0.000,0.000,0.000,0.000,0.000,0.000,0.000,0.000,0.000,1.000,0.348,0.527,0.000,0.000,0.000,0.000,0.000,0.000,0.000,0.000,1.000,0.282,0.418,0.000,0.000,0.000,0.000,0.000,0.067,0.307,0,0
era-2-normal,Era 2 Normal Contention,Stylized ordinary-contention legislature with two major parties plus minors and moderate party loyalty.,1.000,default-pass-adaptive-track-strict,Default pass + adaptive tracks strict,7200,60.000,2899,24.158,47.250,0.403,0.788,0.621,0.647,0.250,0.246,0.597,0.202,0.011,0.000,0.023,0.221,0.155,0.298,0.185,0.841,0.874,0.324,0.000,0.000,0.000,0.159,0.000,0.000,0.074,0.183,0.000,0.582,0.000,0.000,0.000,0.155,0.000,0.000,0.000,0.000,0.000,0.000,0.000,0.000,0.000,0.000,0.000,0.000,0.000,0.000,0.000,0.000,0.000,0.124,0.658,0.218,0.000,0.000,0.000,0.000,0.000,0.000,0.000,0.000,0.000,0.000,0.078,0.260,0,0
era-2-normal,Era 2 Normal Contention,Stylized ordinary-contention legislature with two major parties plus minors and moderate party loyalty.,1.000,default-pass-alternatives-pairwise,Default pass + pairwise policy tournament,7200,60.000,4248,35.400,35.400,0.590,0.590,0.706,0.668,0.417,0.579,0.410,0.410,0.000,0.000,0.002,0.000,0.004,0.004,0.178,0.867,0.957,0.319,0.000,0.000,0.000,0.133,0.590,0.283,0.041,0.025,0.000,0.667,0.000,0.000,0.000,0.004,0.000,0.001,0.002,6.000,0.410,0.000,0.000,0.000,0.000,0.000,0.000,0.000,0.000,0.000,0.000,0.000,0.000,0.000,0.000,0.000,0.000,0.000,0.000,0.000,0.000,0.000,0.000,0.000,0.000,0.000,0.092,0.394,0,0
era-2-normal,Era 2 Normal Contention,Stylized ordinary-contention legislature with two major parties plus minors and moderate party loyalty.,1.000,default-pass-affected-sponsor-gate,Default pass + affected-group sponsor gate,7200,60.000,2610,21.750,21.758,0.363,0.363,0.645,0.673,0.234,0.251,0.638,0.637,0.000,0.000,0.093,0.201,0.139,0.294,0.158,0.804,0.908,0.274,0.000,0.000,0.000,0.196,0.000,0.000,0.039,0.105,0.000,0.674,0.000,0.000,0.000,0.139,0.000,0.000,0.000,0.000,0.000,0.000,0.000,0.000,0.000,0.000,0.000,0.000,0.000,0.000,0.000,0.000,0.000,0.000,0.000,0.000,0.000,0.000,0.000,0.000,0.000,0.363,0.391,13.893,0.000,0.000,0.097,0.244,0,0
era-2-normal,Era 2 Normal Contention,Stylized ordinary-contention legislature with two major parties plus minors and moderate party loyalty.,1.000,default-pass-public-objection,Default pass + public objection window,7200,60.000,3946,32.883,60.000,0.548,1.000,0.593,0.605,0.325,0.208,0.452,0.000,0.000,0.000,0.186,0.108,0.240,0.338,0.195,0.835,0.964,0.355,0.000,0.000,0.000,0.165,0.000,0.000,0.089,0.280,0.000,0.531,0.000,0.000,0.000,0.240,0.000,0.000,0.000,0.000,0.000,0.000,0.000,0.000,0.000,0.000,0.000,0.000,0.000,0.000,0.000,0.555,0.000,0.000,0.000,0.000,0.000,0.000,0.000,0.000,0.000,0.000,0.000,0.000,0.000,0.000,0.067,0.332,0,0
era-2-normal,Era 2 Normal Contention,Stylized ordinary-contention legislature with two major parties plus minors and moderate party loyalty.,1.000,default-pass-law-registry,Default pass + law registry,7200,60.000,6242,52.017,60.000,0.867,1.000,0.578,0.526,0.501,0.176,0.133,0.000,0.000,0.000,0.337,0.014,0.713,0.478,0.229,0.811,0.994,0.484,0.000,0.000,0.000,0.189,0.000,0.000,0.139,0.755,0.000,0.436,0.595,0.485,5.141,0.713,0.038,0.000,0.000,0.000,0.000,0.000,0.000,0.000,0.000,0.000,0.000,0.000,0.000,0.000,0.000,0.000,0.000,0.000,0.000,0.000,0.000,0.000,0.000,0.000,0.000,0.000,0.000,0.000,0.000,0.000,0.067,0.456,0,0
era-3-polarizing,Era 3 Polarizing,"Stylized rising-contention legislature with stronger ideological clustering, party loyalty, and lobbying pressure.",1.000,current-system,Current U.S.-style system,7200,60.000,602,5.017,60.000,0.084,1.000,0.678,0.711,0.057,0.361,0.916,0.000,0.000,0.000,0.000,0.778,0.019,0.165,0.228,0.827,0.227,0.395,0.000,0.000,0.000,0.173,0.000,0.000,0.057,0.027,0.000,0.668,0.000,0.000,0.000,0.019,0.000,0.000,0.000,0.000,0.000,0.000,0.000,0.000,0.000,0.000,0.000,0.000,0.000,0.000,0.000,0.000,0.000,0.000,0.000,0.000,0.000,0.000,0.000,0.000,0.000,0.000,0.000,0.000,0.000,0.000,0.062,0.059,194,1
era-3-polarizing,Era 3 Polarizing,"Stylized rising-contention legislature with stronger ideological clustering, party loyalty, and lobbying pressure.",1.000,simple-majority,Unicameral simple majority,7200,60.000,2187,18.225,60.000,0.304,1.000,0.602,0.640,0.183,0.236,0.696,0.000,0.000,0.000,0.000,0.374,0.121,0.319,0.228,0.825,0.731,0.435,0.000,0.000,0.000,0.175,0.000,0.000,0.084,0.137,0.000,0.565,0.000,0.000,0.000,0.121,0.000,0.000,0.000,0.000,0.000,0.000,0.000,0.000,0.000,0.000,0.000,0.000,0.000,0.000,0.000,0.000,0.000,0.000,0.000,0.000,0.000,0.000,0.000,0.000,0.000,0.000,0.000,0.000,0.000,0.000,0.062,0.194,0,0
era-3-polarizing,Era 3 Polarizing,"Stylized rising-contention legislature with stronger ideological clustering, party loyalty, and lobbying pressure.",1.000,supermajority-60,Unicameral 60 percent passage,7200,60.000,796,6.633,60.000,0.111,1.000,0.670,0.719,0.074,0.359,0.889,0.000,0.000,0.000,0.000,0.710,0.025,0.159,0.214,0.824,0.323,0.365,0.000,0.000,0.000,0.176,0.000,0.000,0.054,0.031,0.000,0.663,0.000,0.000,0.000,0.025,0.000,0.000,0.000,0.000,0.000,0.000,0.000,0.000,0.000,0.000,0.000,0.000,0.000,0.000,0.000,0.000,0.000,0.000,0.000,0.000,0.000,0.000,0.000,0.000,0.000,0.000,0.000,0.000,0.000,0.000,0.062,0.079,0,0
era-3-polarizing,Era 3 Polarizing,"Stylized rising-contention legislature with stronger ideological clustering, party loyalty, and lobbying pressure.",1.000,bicameral-majority,Bicameral simple majority,7200,60.000,1515,12.625,60.000,0.210,1.000,0.628,0.672,0.132,0.281,0.790,0.000,0.000,0.000,0.000,0.514,0.066,0.239,0.218,0.825,0.569,0.396,0.000,0.000,0.000,0.175,0.000,0.000,0.073,0.084,0.000,0.603,0.000,0.000,0.000,0.066,0.000,0.000,0.000,0.000,0.000,0.000,0.000,0.000,0.000,0.000,0.000,0.000,0.000,0.000,0.000,0.000,0.000,0.000,0.000,0.000,0.000,0.000,0.000,0.000,0.000,0.000,0.000,0.000,0.000,0.000,0.062,0.141,0,0
era-3-polarizing,Era 3 Polarizing,"Stylized rising-contention legislature with stronger ideological clustering, party loyalty, and lobbying pressure.",1.000,presidential-veto,Bicameral majority + presidential veto,7200,60.000,958,7.983,60.000,0.133,1.000,0.641,0.691,0.085,0.306,0.867,0.000,0.000,0.000,0.000,0.675,0.039,0.221,0.221,0.827,0.373,0.390,0.000,0.000,0.000,0.173,0.000,0.000,0.063,0.045,0.000,0.627,0.000,0.000,0.000,0.039,0.000,0.000,0.000,0.000,0.000,0.000,0.000,0.000,0.000,0.000,0.000,0.000,0.000,0.000,0.000,0.000,0.000,0.000,0.000,0.000,0.000,0.000,0.000,0.000,0.000,0.000,0.000,0.000,0.000,0.000,0.062,0.092,490,4
era-3-polarizing,Era 3 Polarizing,"Stylized rising-contention legislature with stronger ideological clustering, party loyalty, and lobbying pressure.",1.000,default-pass,Default pass unless 2/3 block,7200,60.000,6064,50.533,60.000,0.842,1.000,0.537,0.505,0.452,0.119,0.158,0.000,0.000,0.000,0.437,0.023,0.635,0.614,0.264,0.806,0.993,0.610,0.000,0.000,0.000,0.194,0.000,0.000,0.160,0.754,0.000,0.403,0.000,0.000,0.000,0.635,0.000,0.000,0.000,0.000,0.000,0.000,0.000,0.000,0.000,0.000,0.000,0.000,0.000,0.000,0.000,0.000,0.000,0.000,0.000,0.000,0.000,0.000,0.000,0.000,0.000,0.000,0.000,0.000,0.000,0.000,0.062,0.425,0,0
era-3-polarizing,Era 3 Polarizing,"Stylized rising-contention legislature with stronger ideological clustering, party loyalty, and lobbying pressure.",1.000,default-pass-challenge,Default pass + challenge vouchers,7200,60.000,2626,21.883,60.000,0.365,1.000,0.577,0.612,0.210,0.216,0.635,0.000,0.000,0.786,0.142,0.352,0.144,0.313,0.226,0.828,0.779,0.438,0.000,0.000,0.000,0.172,0.000,0.000,0.099,0.181,0.000,0.521,0.000,0.000,0.000,0.144,0.000,0.000,0.000,0.000,0.000,0.000,0.000,0.000,0.000,0.000,0.000,0.000,0.000,0.000,0.000,0.000,0.000,0.000,0.000,0.000,0.100,0.091,0.000,0.000,0.000,0.000,0.000,0.000,0.000,0.000,0.062,0.223,0,0
era-3-polarizing,Era 3 Polarizing,"Stylized rising-contention legislature with stronger ideological clustering, party loyalty, and lobbying pressure.",1.000,default-pass-multiround-mediation-challenge,Default pass + multi-round mediation + challenge,7200,60.000,4790,39.917,60.000,0.665,1.000,0.566,0.485,0.376,0.238,0.335,0.000,0.000,0.655,0.161,0.227,0.229,0.310,0.281,0.839,0.779,0.718,0.000,0.000,0.000,0.161,0.700,0.255,0.108,0.610,0.228,0.467,0.000,0.000,0.000,0.229,0.000,0.000,0.000,0.000,0.000,0.000,0.000,0.000,0.000,0.000,0.000,0.000,0.000,0.000,0.000,0.000,0.000,0.000,0.000,0.000,0.155,0.200,0.000,0.000,0.000,0.000,0.000,0.000,0.000,0.000,0.062,0.323,0,0
era-3-polarizing,Era 3 Polarizing,"Stylized rising-contention legislature with stronger ideological clustering, party loyalty, and lobbying pressure.",1.000,default-pass-constituent-citizen-panel,Default pass + constituent public will + citizen panel,7200,60.000,3042,25.350,60.000,0.423,1.000,0.562,0.633,0.238,0.191,0.578,0.000,0.000,0.000,0.213,0.014,0.212,0.404,0.211,0.866,0.970,0.386,0.000,0.000,0.000,0.134,0.000,0.000,0.102,0.158,0.000,0.523,0.000,0.000,0.000,0.212,0.000,0.000,0.000,0.000,0.000,0.000,0.000,0.000,0.000,0.000,0.000,1.000,0.311,0.504,0.000,0.000,0.000,0.000,0.000,0.000,0.000,0.000,1.000,0.281,0.400,0.000,0.000,0.000,0.000,0.000,0.062,0.267,0,0
era-3-polarizing,Era 3 Polarizing,"Stylized rising-contention legislature with stronger ideological clustering, party loyalty, and lobbying pressure.",1.000,default-pass-adaptive-track-strict,Default pass + adaptive tracks strict,7200,60.000,2262,18.850,43.550,0.314,0.726,0.599,0.647,0.188,0.232,0.686,0.252,0.023,0.000,0.053,0.344,0.125,0.314,0.209,0.824,0.752,0.383,0.000,0.000,0.000,0.176,0.000,0.000,0.079,0.135,0.000,0.573,0.000,0.000,0.000,0.125,0.000,0.000,0.000,0.000,0.000,0.000,0.000,0.000,0.000,0.000,0.000,0.000,0.000,0.000,0.000,0.000,0.000,0.100,0.616,0.284,0.000,0.000,0.000,0.000,0.000,0.000,0.000,0.000,0.000,0.000,0.076,0.203,0,0
era-3-polarizing,Era 3 Polarizing,"Stylized rising-contention legislature with stronger ideological clustering, party loyalty, and lobbying pressure.",1.000,default-pass-alternatives-pairwise,Default pass + pairwise policy tournament,7200,60.000,4062,33.850,33.858,0.564,0.564,0.673,0.646,0.380,0.519,0.436,0.436,0.000,0.000,0.011,0.002,0.005,0.004,0.203,0.844,0.942,0.388,0.000,0.000,0.000,0.156,0.564,0.316,0.045,0.015,0.000,0.652,0.000,0.000,0.000,0.005,0.000,0.001,0.002,6.000,0.436,0.000,0.000,0.000,0.000,0.000,0.000,0.000,0.000,0.000,0.000,0.000,0.000,0.000,0.000,0.000,0.000,0.000,0.000,0.000,0.000,0.000,0.000,0.000,0.000,0.000,0.083,0.364,0,0
era-3-polarizing,Era 3 Polarizing,"Stylized rising-contention legislature with stronger ideological clustering, party loyalty, and lobbying pressure.",1.000,default-pass-affected-sponsor-gate,Default pass + affected-group sponsor gate,7200,60.000,2022,16.850,16.875,0.281,0.281,0.611,0.683,0.171,0.237,0.719,0.719,0.000,0.000,0.152,0.302,0.110,0.301,0.162,0.774,0.856,0.279,0.000,0.000,0.000,0.226,0.000,0.000,0.040,0.081,0.000,0.665,0.000,0.000,0.000,0.110,0.000,0.000,0.000,0.000,0.000,0.000,0.000,0.000,0.000,0.000,0.000,0.000,0.000,0.000,0.000,0.000,0.000,0.000,0.000,0.000,0.000,0.000,0.000,0.000,0.000,0.281,0.312,8.025,0.000,0.000,0.126,0.192,0,0
era-3-polarizing,Era 3 Polarizing,"Stylized rising-contention legislature with stronger ideological clustering, party loyalty, and lobbying pressure.",1.000,default-pass-public-objection,Default pass + public objection window,7200,60.000,3385,28.208,60.000,0.470,1.000,0.565,0.597,0.266,0.183,0.530,0.000,0.000,0.000,0.231,0.180,0.223,0.375,0.217,0.815,0.923,0.425,0.000,0.000,0.000,0.185,0.000,0.000,0.098,0.239,0.000,0.515,0.000,0.000,0.000,0.223,0.000,0.000,0.000,0.000,0.000,0.000,0.000,0.000,0.000,0.000,0.000,0.000,0.000,0.000,0.000,0.635,0.000,0.000,0.000,0.000,0.000,0.000,0.000,0.000,0.000,0.000,0.000,0.000,0.000,0.000,0.062,0.280,0,0
era-3-polarizing,Era 3 Polarizing,"Stylized rising-contention legislature with stronger ideological clustering, party loyalty, and lobbying pressure.",1.000,default-pass-law-registry,Default pass + law registry,7200,60.000,6241,52.008,60.000,0.867,1.000,0.556,0.500,0.482,0.148,0.133,0.000,0.000,0.000,0.379,0.017,0.811,0.570,0.266,0.795,0.995,0.619,0.000,0.000,0.000,0.205,0.000,0.000,0.163,0.788,0.000,0.404,0.585,0.511,5.119,0.811,0.042,0.000,0.000,0.000,0.000,0.000,0.000,0.000,0.000,0.000,0.000,0.000,0.000,0.000,0.000,0.000,0.000,0.000,0.000,0.000,0.000,0.000,0.000,0.000,0.000,0.000,0.000,0.000,0.000,0.000,0.062,0.434,0,0
era-4-high-contention,Era 4 High Contention,"Stylized high-contention legislature with more proposal pressure, higher polarization, and weaker compromise culture.",1.000,current-system,Current U.S.-style system,9000,75.000,358,2.983,75.000,0.040,1.000,0.662,0.721,0.026,0.365,0.960,0.000,0.000,0.000,0.000,0.886,0.008,0.135,0.282,0.808,0.091,0.479,0.000,0.000,0.000,0.192,0.000,0.000,0.057,0.015,0.000,0.666,0.000,0.000,0.000,0.008,0.000,0.000,0.000,0.000,0.000,0.000,0.000,0.000,0.000,0.000,0.000,0.000,0.000,0.000,0.000,0.000,0.000,0.000,0.000,0.000,0.000,0.000,0.000,0.000,0.000,0.000,0.000,0.000,0.000,0.000,0.061,0.029,159,1
era-4-high-contention,Era 4 High Contention,"Stylized high-contention legislature with more proposal pressure, higher polarization, and weaker compromise culture.",1.000,simple-majority,Unicameral simple majority,9000,75.000,1963,16.358,75.000,0.218,1.000,0.584,0.645,0.127,0.238,0.782,0.000,0.000,0.000,0.000,0.526,0.083,0.297,0.251,0.814,0.574,0.492,0.000,0.000,0.000,0.186,0.000,0.000,0.088,0.094,0.000,0.555,0.000,0.000,0.000,0.083,0.000,0.000,0.000,0.000,0.000,0.000,0.000,0.000,0.000,0.000,0.000,0.000,0.000,0.000,0.000,0.000,0.000,0.000,0.000,0.000,0.000,0.000,0.000,0.000,0.000,0.000,0.000,0.000,0.000,0.000,0.061,0.141,0,0
era-4-high-contention,Era 4 High Contention,"Stylized high-contention legislature with more proposal pressure, higher polarization, and weaker compromise culture.",1.000,supermajority-60,Unicameral 60 percent passage,9000,75.000,503,4.192,75.000,0.056,1.000,0.655,0.714,0.037,0.371,0.944,0.000,0.000,0.000,0.000,0.843,0.011,0.136,0.274,0.806,0.143,0.474,0.000,0.000,0.000,0.194,0.000,0.000,0.055,0.014,0.000,0.660,0.000,0.000,0.000,0.011,0.000,0.000,0.000,0.000,0.000,0.000,0.000,0.000,0.000,0.000,0.000,0.000,0.000,0.000,0.000,0.000,0.000,0.000,0.000,0.000,0.000,0.000,0.000,0.000,0.000,0.000,0.000,0.000,0.000,0.000,0.061,0.040,0,0
era-4-high-contention,Era 4 High Contention,"Stylized high-contention legislature with more proposal pressure, higher polarization, and weaker compromise culture.",1.000,bicameral-majority,Bicameral simple majority,9000,75.000,1191,9.925,75.000,0.132,1.000,0.608,0.669,0.081,0.286,0.868,0.000,0.000,0.000,0.000,0.681,0.039,0.226,0.258,0.811,0.349,0.487,0.000,0.000,0.000,0.189,0.000,0.000,0.077,0.057,0.000,0.593,0.000,0.000,0.000,0.039,0.000,0.000,0.000,0.000,0.000,0.000,0.000,0.000,0.000,0.000,0.000,0.000,0.000,0.000,0.000,0.000,0.000,0.000,0.000,0.000,0.000,0.000,0.000,0.000,0.000,0.000,0.000,0.000,0.000,0.000,0.061,0.089,0,0
era-4-high-contention,Era 4 High Contention,"Stylized high-contention legislature with more proposal pressure, higher polarization, and weaker compromise culture.",1.000,presidential-veto,Bicameral majority + presidential veto,9000,75.000,738,6.150,75.000,0.082,1.000,0.617,0.688,0.051,0.296,0.918,0.000,0.000,0.000,0.000,0.787,0.023,0.212,0.253,0.804,0.219,0.454,0.000,0.000,0.000,0.196,0.000,0.000,0.070,0.035,0.000,0.615,0.000,0.000,0.000,0.023,0.000,0.000,0.000,0.000,0.000,0.000,0.000,0.000,0.000,0.000,0.000,0.000,0.000,0.000,0.000,0.000,0.000,0.000,0.000,0.000,0.000,0.000,0.000,0.000,0.000,0.000,0.000,0.000,0.000,0.000,0.061,0.056,379,2
era-4-high-contention,Era 4 High Contention,"Stylized high-contention legislature with more proposal pressure, higher polarization, and weaker compromise culture.",1.000,default-pass,Default pass unless 2/3 block,9000,75.000,7531,62.758,75.000,0.837,1.000,0.523,0.486,0.438,0.102,0.163,0.000,0.000,0.000,0.470,0.035,0.697,0.703,0.290,0.795,0.992,0.709,0.000,0.000,0.000,0.205,0.000,0.000,0.179,0.791,0.000,0.379,0.000,0.000,0.000,0.697,0.000,0.000,0.000,0.000,0.000,0.000,0.000,0.000,0.000,0.000,0.000,0.000,0.000,0.000,0.000,0.000,0.000,0.000,0.000,0.000,0.000,0.000,0.000,0.000,0.000,0.000,0.000,0.000,0.000,0.000,0.061,0.406,0,0
era-4-high-contention,Era 4 High Contention,"Stylized high-contention legislature with more proposal pressure, higher polarization, and weaker compromise culture.",1.000,default-pass-challenge,Default pass + challenge vouchers,9000,75.000,5928,49.400,75.000,0.659,1.000,0.506,0.487,0.333,0.112,0.341,0.000,0.000,0.400,0.446,0.236,0.473,0.594,0.282,0.802,0.829,0.683,0.000,0.000,0.000,0.198,0.000,0.000,0.178,0.590,0.000,0.374,0.000,0.000,0.000,0.473,0.000,0.000,0.000,0.000,0.000,0.000,0.000,0.000,0.000,0.000,0.000,0.000,0.000,0.000,0.000,0.000,0.000,0.000,0.000,0.000,0.456,0.425,0.000,0.000,0.000,0.000,0.000,0.000,0.000,0.000,0.061,0.321,0,0
era-4-high-contention,Era 4 High Contention,"Stylized high-contention legislature with more proposal pressure, higher polarization, and weaker compromise culture.",1.000,default-pass-multiround-mediation-challenge,Default pass + multi-round mediation + challenge,9000,75.000,6901,57.508,75.000,0.767,1.000,0.526,0.446,0.403,0.209,0.233,0.000,0.000,0.400,0.344,0.182,0.295,0.349,0.305,0.824,0.795,0.847,0.000,0.000,0.000,0.176,0.737,0.292,0.116,0.618,0.267,0.429,0.000,0.000,0.000,0.295,0.000,0.000,0.000,0.000,0.000,0.000,0.000,0.000,0.000,0.000,0.000,0.000,0.000,0.000,0.000,0.000,0.000,0.000,0.000,0.000,0.419,0.413,0.000,0.000,0.000,0.000,0.000,0.000,0.000,0.000,0.061,0.342,0,0
era-4-high-contention,Era 4 High Contention,"Stylized high-contention legislature with more proposal pressure, higher polarization, and weaker compromise culture.",1.000,default-pass-constituent-citizen-panel,Default pass + constituent public will + citizen panel,9000,75.000,3368,28.067,75.000,0.374,1.000,0.543,0.629,0.203,0.175,0.626,0.000,0.000,0.000,0.282,0.021,0.204,0.453,0.223,0.849,0.965,0.424,0.000,0.000,0.000,0.151,0.000,0.000,0.106,0.157,0.000,0.514,0.000,0.000,0.000,0.204,0.000,0.000,0.000,0.000,0.000,0.000,0.000,0.000,0.000,0.000,0.000,1.000,0.275,0.487,0.000,0.000,0.000,0.000,0.000,0.000,0.000,0.000,1.000,0.277,0.388,0.000,0.000,0.000,0.000,0.000,0.061,0.235,0,0
era-4-high-contention,Era 4 High Contention,"Stylized high-contention legislature with more proposal pressure, higher polarization, and weaker compromise culture.",1.000,default-pass-adaptive-track-strict,Default pass + adaptive tracks strict,9000,75.000,2149,17.908,50.533,0.239,0.674,0.577,0.654,0.138,0.227,0.761,0.304,0.023,0.000,0.088,0.455,0.091,0.300,0.219,0.801,0.654,0.402,0.000,0.000,0.000,0.199,0.000,0.000,0.081,0.099,0.000,0.570,0.000,0.000,0.000,0.091,0.000,0.000,0.000,0.000,0.000,0.000,0.000,0.000,0.000,0.000,0.000,0.000,0.000,0.000,0.000,0.000,0.000,0.076,0.587,0.337,0.000,0.000,0.000,0.000,0.000,0.000,0.000,0.000,0.000,0.000,0.079,0.156,0,0
era-4-high-contention,Era 4 High Contention,"Stylized high-contention legislature with more proposal pressure, higher polarization, and weaker compromise culture.",1.000,default-pass-alternatives-pairwise,Default pass + pairwise policy tournament,9000,75.000,4860,40.500,40.508,0.540,0.540,0.633,0.635,0.342,0.463,0.460,0.460,0.000,0.000,0.046,0.003,0.005,0.004,0.217,0.811,0.941,0.420,0.000,0.000,0.000,0.189,0.540,0.332,0.047,0.021,0.000,0.637,0.000,0.000,0.000,0.005,0.000,0.001,0.002,6.000,0.460,0.000,0.000,0.000,0.000,0.000,0.000,0.000,0.000,0.000,0.000,0.000,0.000,0.000,0.000,0.000,0.000,0.000,0.000,0.000,0.000,0.000,0.000,0.000,0.000,0.000,0.096,0.343,0,0
era-4-high-contention,Era 4 High Contention,"Stylized high-contention legislature with more proposal pressure, higher polarization, and weaker compromise culture.",1.000,default-pass-affected-sponsor-gate,Default pass + affected-group sponsor gate,9000,75.000,1865,15.542,15.675,0.207,0.209,0.574,0.700,0.119,0.232,0.793,0.791,0.000,0.000,0.246,0.427,0.073,0.278,0.147,0.765,0.772,0.247,0.000,0.000,0.000,0.235,0.000,0.000,0.035,0.049,0.000,0.650,0.000,0.000,0.000,0.073,0.000,0.000,0.000,0.000,0.000,0.000,0.000,0.000,0.000,0.000,0.000,0.000,0.000,0.000,0.000,0.000,0.000,0.000,0.000,0.000,0.000,0.000,0.000,0.000,0.000,0.209,0.248,3.548,0.000,0.000,0.129,0.145,0,0
era-4-high-contention,Era 4 High Contention,"Stylized high-contention legislature with more proposal pressure, higher polarization, and weaker compromise culture.",1.000,default-pass-public-objection,Default pass + public objection window,9000,75.000,3732,31.100,75.000,0.415,1.000,0.543,0.590,0.225,0.170,0.585,0.000,0.000,0.000,0.295,0.232,0.201,0.387,0.231,0.800,0.871,0.467,0.000,0.000,0.000,0.200,0.000,0.000,0.106,0.208,0.000,0.501,0.000,0.000,0.000,0.201,0.000,0.000,0.000,0.000,0.000,0.000,0.000,0.000,0.000,0.000,0.000,0.000,0.000,0.000,0.000,0.671,0.000,0.000,0.000,0.000,0.000,0.000,0.000,0.000,0.000,0.000,0.000,0.000,0.000,0.000,0.061,0.245,0,0
era-4-high-contention,Era 4 High Contention,"Stylized high-contention legislature with more proposal pressure, higher polarization, and weaker compromise culture.",1.000,default-pass-law-registry,Default pass + law registry,9000,75.000,7808,65.067,75.000,0.868,1.000,0.538,0.480,0.467,0.125,0.132,0.000,0.000,0.000,0.422,0.023,0.858,0.632,0.289,0.789,0.994,0.713,0.000,0.000,0.000,0.211,0.000,0.000,0.182,0.829,0.000,0.378,0.613,0.458,5.153,0.858,0.033,0.000,0.000,0.000,0.000,0.000,0.000,0.000,0.000,0.000,0.000,0.000,0.000,0.000,0.000,0.000,0.000,0.000,0.000,0.000,0.000,0.000,0.000,0.000,0.000,0.000,0.000,0.000,0.000,0.000,0.061,0.417,0,0
era-5-capture-contention,Era 5 Capture Contention,"Stylized capture-contention legislature with two-party sorting, higher proposal pressure, strong lobbying, and lower public responsiveness.",1.000,current-system,Current U.S.-style system,10800,90.000,274,2.283,90.000,0.025,1.000,0.648,0.685,0.016,0.362,0.975,0.000,0.000,0.000,0.000,0.926,0.006,0.156,0.384,0.797,0.041,0.701,0.000,0.000,0.000,0.203,0.000,0.000,0.078,0.014,0.000,0.638,0.000,0.000,0.000,0.006,0.000,0.000,0.000,0.000,0.000,0.000,0.000,0.000,0.000,0.000,0.000,0.000,0.000,0.000,0.000,0.000,0.000,0.000,0.000,0.000,0.000,0.000,0.000,0.000,0.000,0.000,0.000,0.000,0.000,0.000,0.056,0.017,150,4
era-5-capture-contention,Era 5 Capture Contention,"Stylized capture-contention legislature with two-party sorting, higher proposal pressure, strong lobbying, and lower public responsiveness.",1.000,simple-majority,Unicameral simple majority,10800,90.000,1803,15.025,90.000,0.167,1.000,0.572,0.628,0.096,0.225,0.833,0.000,0.000,0.000,0.000,0.618,0.068,0.319,0.316,0.800,0.381,0.655,0.000,0.000,0.000,0.200,0.000,0.000,0.111,0.104,0.000,0.534,0.000,0.000,0.000,0.068,0.000,0.000,0.000,0.000,0.000,0.000,0.000,0.000,0.000,0.000,0.000,0.000,0.000,0.000,0.000,0.000,0.000,0.000,0.000,0.000,0.000,0.000,0.000,0.000,0.000,0.000,0.000,0.000,0.000,0.000,0.056,0.105,0,0
era-5-capture-contention,Era 5 Capture Contention,"Stylized capture-contention legislature with two-party sorting, higher proposal pressure, strong lobbying, and lower public responsiveness.",1.000,supermajority-60,Unicameral 60 percent passage,10800,90.000,318,2.650,90.000,0.029,1.000,0.652,0.683,0.019,0.382,0.971,0.000,0.000,0.000,0.000,0.914,0.005,0.122,0.421,0.809,0.038,0.756,0.000,0.000,0.000,0.191,0.000,0.000,0.080,0.014,0.000,0.630,0.000,0.000,0.000,0.005,0.000,0.000,0.000,0.000,0.000,0.000,0.000,0.000,0.000,0.000,0.000,0.000,0.000,0.000,0.000,0.000,0.000,0.000,0.000,0.000,0.000,0.000,0.000,0.000,0.000,0.000,0.000,0.000,0.000,0.000,0.056,0.020,0,0
era-5-capture-contention,Era 5 Capture Contention,"Stylized capture-contention legislature with two-party sorting, higher proposal pressure, strong lobbying, and lower public responsiveness.",1.000,bicameral-majority,Bicameral simple majority,10800,90.000,901,7.508,90.000,0.083,1.000,0.603,0.643,0.050,0.285,0.917,0.000,0.000,0.000,0.000,0.788,0.024,0.208,0.355,0.801,0.167,0.717,0.000,0.000,0.000,0.199,0.000,0.000,0.096,0.042,0.000,0.575,0.000,0.000,0.000,0.024,0.000,0.000,0.000,0.000,0.000,0.000,0.000,0.000,0.000,0.000,0.000,0.000,0.000,0.000,0.000,0.000,0.000,0.000,0.000,0.000,0.000,0.000,0.000,0.000,0.000,0.000,0.000,0.000,0.000,0.000,0.056,0.054,0,0
era-5-capture-contention,Era 5 Capture Contention,"Stylized capture-contention legislature with two-party sorting, higher proposal pressure, strong lobbying, and lower public responsiveness.",1.000,presidential-veto,Bicameral majority + presidential veto,10800,90.000,582,4.850,90.000,0.054,1.000,0.611,0.660,0.033,0.309,0.946,0.000,0.000,0.000,0.000,0.858,0.014,0.185,0.359,0.799,0.113,0.680,0.000,0.000,0.000,0.201,0.000,0.000,0.094,0.027,0.000,0.588,0.000,0.000,0.000,0.014,0.000,0.000,0.000,0.000,0.000,0.000,0.000,0.000,0.000,0.000,0.000,0.000,0.000,0.000,0.000,0.000,0.000,0.000,0.000,0.000,0.000,0.000,0.000,0.000,0.000,0.000,0.000,0.000,0.000,0.000,0.056,0.036,379,2
era-5-capture-contention,Era 5 Capture Contention,"Stylized capture-contention legislature with two-party sorting, higher proposal pressure, strong lobbying, and lower public responsiveness.",1.000,default-pass,Default pass unless 2/3 block,10800,90.000,8972,74.767,90.000,0.831,1.000,0.518,0.470,0.431,0.088,0.169,0.000,0.000,0.000,0.481,0.036,0.742,0.770,0.317,0.783,0.978,0.827,0.000,0.000,0.000,0.217,0.000,0.000,0.197,0.792,0.000,0.358,0.000,0.000,0.000,0.742,0.000,0.000,0.000,0.000,0.000,0.000,0.000,0.000,0.000,0.000,0.000,0.000,0.000,0.000,0.000,0.000,0.000,0.000,0.000,0.000,0.000,0.000,0.000,0.000,0.000,0.000,0.000,0.000,0.000,0.000,0.056,0.390,0,0
era-5-capture-contention,Era 5 Capture Contention,"Stylized capture-contention legislature with two-party sorting, higher proposal pressure, strong lobbying, and lower public responsiveness.",1.000,default-pass-challenge,Default pass + challenge vouchers,10800,90.000,8720,72.667,90.000,0.807,1.000,0.492,0.451,0.397,0.085,0.193,0.000,0.000,0.222,0.499,0.139,0.650,0.683,0.316,0.790,0.880,0.841,0.000,0.000,0.000,0.210,0.000,0.000,0.207,0.797,0.000,0.334,0.000,0.000,0.000,0.650,0.000,0.000,0.000,0.000,0.000,0.000,0.000,0.000,0.000,0.000,0.000,0.000,0.000,0.000,0.000,0.000,0.000,0.000,0.000,0.000,0.606,0.600,0.000,0.000,0.000,0.000,0.000,0.000,0.000,0.000,0.056,0.364,0,0
era-5-capture-contention,Era 5 Capture Contention,"Stylized capture-contention legislature with two-party sorting, higher proposal pressure, strong lobbying, and lower public responsiveness.",1.000,default-pass-multiround-mediation-challenge,Default pass + multi-round mediation + challenge,10800,90.000,9338,77.817,90.000,0.865,1.000,0.504,0.421,0.436,0.196,0.135,0.000,0.000,0.222,0.442,0.110,0.353,0.373,0.325,0.809,0.869,0.969,0.000,0.000,0.000,0.191,0.771,0.324,0.123,0.825,0.298,0.406,0.000,0.000,0.000,0.353,0.000,0.000,0.000,0.000,0.000,0.000,0.000,0.000,0.000,0.000,0.000,0.000,0.000,0.000,0.000,0.000,0.000,0.000,0.000,0.000,0.587,0.585,0.000,0.000,0.000,0.000,0.000,0.000,0.000,0.000,0.056,0.364,0,0
era-5-capture-contention,Era 5 Capture Contention,"Stylized capture-contention legislature with two-party sorting, higher proposal pressure, strong lobbying, and lower public responsiveness.",1.000,default-pass-constituent-citizen-panel,Default pass + constituent public will + citizen panel,10800,90.000,3841,32.008,90.000,0.356,1.000,0.530,0.615,0.189,0.156,0.644,0.000,0.000,0.000,0.335,0.027,0.216,0.510,0.238,0.833,0.932,0.493,0.000,0.000,0.000,0.167,0.000,0.000,0.120,0.167,0.000,0.495,0.000,0.000,0.000,0.216,0.000,0.000,0.000,0.000,0.000,0.000,0.000,0.000,0.000,0.000,0.000,1.000,0.256,0.472,0.000,0.000,0.000,0.000,0.000,0.000,0.000,0.000,1.000,0.276,0.378,0.000,0.000,0.000,0.000,0.000,0.056,0.219,0,0
era-5-capture-contention,Era 5 Capture Contention,"Stylized capture-contention legislature with two-party sorting, higher proposal pressure, strong lobbying, and lower public responsiveness.",1.000,default-pass-adaptive-track-strict,Default pass + adaptive tracks strict,10800,90.000,2056,17.133,57.083,0.190,0.634,0.559,0.653,0.106,0.219,0.810,0.336,0.030,0.000,0.160,0.533,0.074,0.303,0.252,0.785,0.527,0.501,0.000,0.000,0.000,0.215,0.000,0.000,0.091,0.088,0.000,0.561,0.000,0.000,0.000,0.074,0.000,0.000,0.000,0.000,0.000,0.000,0.000,0.000,0.000,0.000,0.000,0.000,0.000,0.000,0.000,0.000,0.000,0.065,0.554,0.381,0.000,0.000,0.000,0.000,0.000,0.000,0.000,0.000,0.000,0.000,0.069,0.124,0,0
era-5-capture-contention,Era 5 Capture Contention,"Stylized capture-contention legislature with two-party sorting, higher proposal pressure, strong lobbying, and lower public responsiveness.",1.000,default-pass-alternatives-pairwise,Default pass + pairwise policy tournament,10800,90.000,5511,45.925,45.942,0.510,0.510,0.598,0.624,0.305,0.424,0.490,0.490,0.000,0.000,0.125,0.002,0.005,0.004,0.238,0.777,0.918,0.489,0.000,0.000,0.000,0.223,0.510,0.343,0.051,0.017,0.000,0.625,0.000,0.000,0.000,0.005,0.000,0.001,0.002,6.000,0.490,0.000,0.000,0.000,0.000,0.000,0.000,0.000,0.000,0.000,0.000,0.000,0.000,0.000,0.000,0.000,0.000,0.000,0.000,0.000,0.000,0.000,0.000,0.000,0.000,0.000,0.071,0.318,0,0
era-5-capture-contention,Era 5 Capture Contention,"Stylized capture-contention legislature with two-party sorting, higher proposal pressure, strong lobbying, and lower public responsiveness.",1.000,default-pass-affected-sponsor-gate,Default pass + affected-group sponsor gate,10800,90.000,773,6.442,6.458,0.072,0.072,0.561,0.781,0.040,0.322,0.928,0.928,0.000,0.000,0.245,0.771,0.015,0.156,0.117,0.723,0.353,0.185,0.000,0.000,0.000,0.277,0.000,0.000,0.022,0.005,0.000,0.675,0.000,0.000,0.000,0.015,0.000,0.000,0.000,0.000,0.000,0.000,0.000,0.000,0.000,0.000,0.000,0.000,0.000,0.000,0.000,0.000,0.000,0.000,0.000,0.000,0.000,0.000,0.000,0.000,0.000,0.072,0.109,0.801,0.000,0.000,0.209,0.056,0,0
era-5-capture-contention,Era 5 Capture Contention,"Stylized capture-contention legislature with two-party sorting, higher proposal pressure, strong lobbying, and lower public responsiveness.",1.000,default-pass-public-objection,Default pass + public objection window,10800,90.000,3938,32.817,90.000,0.365,1.000,0.531,0.585,0.194,0.162,0.635,0.000,0.000,0.000,0.341,0.291,0.180,0.393,0.248,0.785,0.815,0.533,0.000,0.000,0.000,0.215,0.000,0.000,0.118,0.204,0.000,0.486,0.000,0.000,0.000,0.180,0.000,0.000,0.000,0.000,0.000,0.000,0.000,0.000,0.000,0.000,0.000,0.000,0.000,0.000,0.000,0.709,0.000,0.000,0.000,0.000,0.000,0.000,0.000,0.000,0.000,0.000,0.000,0.000,0.000,0.000,0.056,0.213,0,0
era-5-capture-contention,Era 5 Capture Contention,"Stylized capture-contention legislature with two-party sorting, higher proposal pressure, strong lobbying, and lower public responsiveness.",1.000,default-pass-law-registry,Default pass + law registry,10800,90.000,9286,77.383,90.000,0.860,1.000,0.531,0.464,0.456,0.109,0.140,0.000,0.000,0.000,0.437,0.029,0.884,0.672,0.317,0.779,0.979,0.834,0.000,0.000,0.000,0.221,0.000,0.000,0.200,0.824,0.000,0.357,0.623,0.441,5.086,0.884,0.029,0.000,0.000,0.000,0.000,0.000,0.000,0.000,0.000,0.000,0.000,0.000,0.000,0.000,0.000,0.000,0.000,0.000,0.000,0.000,0.000,0.000,0.000,0.000,0.000,0.000,0.000,0.000,0.000,0.000,0.056,0.399,0,0
era-6-crisis,Era 6 Crisis,"Stylized crisis-contention legislature with severe polarization, high party loyalty, intense lobbying, weak constituency responsiveness, and doubled proposal pressure.",1.000,current-system,Current U.S.-style system,14400,120.000,251,2.092,120.000,0.017,1.000,0.651,0.655,0.011,0.357,0.983,0.000,0.000,0.000,0.000,0.951,0.004,0.132,0.505,0.809,0.010,0.908,0.000,0.000,0.000,0.191,0.000,0.000,0.095,0.011,0.000,0.612,0.000,0.000,0.000,0.004,0.000,0.000,0.000,0.000,0.000,0.000,0.000,0.000,0.000,0.000,0.000,0.000,0.000,0.000,0.000,0.000,0.000,0.000,0.000,0.000,0.000,0.000,0.000,0.000,0.000,0.000,0.000,0.000,0.000,0.000,0.047,0.011,111,3
era-6-crisis,Era 6 Crisis,"Stylized crisis-contention legislature with severe polarization, high party loyalty, intense lobbying, weak constituency responsiveness, and doubled proposal pressure.",1.000,simple-majority,Unicameral simple majority,14400,120.000,1840,15.333,120.000,0.128,1.000,0.568,0.611,0.073,0.225,0.872,0.000,0.000,0.000,0.000,0.718,0.047,0.278,0.351,0.804,0.247,0.761,0.000,0.000,0.000,0.196,0.000,0.000,0.121,0.079,0.000,0.515,0.000,0.000,0.000,0.047,0.000,0.000,0.000,0.000,0.000,0.000,0.000,0.000,0.000,0.000,0.000,0.000,0.000,0.000,0.000,0.000,0.000,0.000,0.000,0.000,0.000,0.000,0.000,0.000,0.000,0.000,0.000,0.000,0.000,0.000,0.047,0.078,0,0
era-6-crisis,Era 6 Crisis,"Stylized crisis-contention legislature with severe polarization, high party loyalty, intense lobbying, weak constituency responsiveness, and doubled proposal pressure.",1.000,supermajority-60,Unicameral 60 percent passage,14400,120.000,272,2.267,120.000,0.019,1.000,0.656,0.656,0.012,0.374,0.981,0.000,0.000,0.000,0.000,0.944,0.003,0.110,0.525,0.812,0.005,0.943,0.000,0.000,0.000,0.188,0.000,0.000,0.092,0.009,0.000,0.619,0.000,0.000,0.000,0.003,0.000,0.000,0.000,0.000,0.000,0.000,0.000,0.000,0.000,0.000,0.000,0.000,0.000,0.000,0.000,0.000,0.000,0.000,0.000,0.000,0.000,0.000,0.000,0.000,0.000,0.000,0.000,0.000,0.000,0.000,0.047,0.012,0,0
era-6-crisis,Era 6 Crisis,"Stylized crisis-contention legislature with severe polarization, high party loyalty, intense lobbying, weak constituency responsiveness, and doubled proposal pressure.",1.000,bicameral-majority,Bicameral simple majority,14400,120.000,887,7.392,120.000,0.062,1.000,0.597,0.633,0.037,0.278,0.938,0.000,0.000,0.000,0.000,0.845,0.018,0.201,0.410,0.807,0.083,0.820,0.000,0.000,0.000,0.193,0.000,0.000,0.114,0.042,0.000,0.553,0.000,0.000,0.000,0.018,0.000,0.000,0.000,0.000,0.000,0.000,0.000,0.000,0.000,0.000,0.000,0.000,0.000,0.000,0.000,0.000,0.000,0.000,0.000,0.000,0.000,0.000,0.000,0.000,0.000,0.000,0.000,0.000,0.000,0.000,0.047,0.039,0,0
era-6-crisis,Era 6 Crisis,"Stylized crisis-contention legislature with severe polarization, high party loyalty, intense lobbying, weak constituency responsiveness, and doubled proposal pressure.",1.000,presidential-veto,Bicameral majority + presidential veto,14400,120.000,542,4.517,120.000,0.038,1.000,0.604,0.655,0.023,0.295,0.962,0.000,0.000,0.000,0.000,0.897,0.010,0.188,0.397,0.800,0.057,0.749,0.000,0.000,0.000,0.200,0.000,0.000,0.095,0.021,0.000,0.585,0.000,0.000,0.000,0.010,0.000,0.000,0.000,0.000,0.000,0.000,0.000,0.000,0.000,0.000,0.000,0.000,0.000,0.000,0.000,0.000,0.000,0.000,0.000,0.000,0.000,0.000,0.000,0.000,0.000,0.000,0.000,0.000,0.000,0.000,0.047,0.025,308,3
era-6-crisis,Era 6 Crisis,"Stylized crisis-contention legislature with severe polarization, high party loyalty, intense lobbying, weak constituency responsiveness, and doubled proposal pressure.",1.000,default-pass,Default pass unless 2/3 block,14400,120.000,12020,100.167,120.000,0.835,1.000,0.513,0.463,0.428,0.081,0.165,0.000,0.000,0.000,0.490,0.046,0.774,0.816,0.328,0.781,0.982,0.887,0.000,0.000,0.000,0.219,0.000,0.000,0.203,0.808,0.000,0.348,0.000,0.000,0.000,0.774,0.000,0.000,0.000,0.000,0.000,0.000,0.000,0.000,0.000,0.000,0.000,0.000,0.000,0.000,0.000,0.000,0.000,0.000,0.000,0.000,0.000,0.000,0.000,0.000,0.000,0.000,0.000,0.000,0.000,0.000,0.047,0.386,0,0
era-6-crisis,Era 6 Crisis,"Stylized crisis-contention legislature with severe polarization, high party loyalty, intense lobbying, weak constituency responsiveness, and doubled proposal pressure.",1.000,default-pass-challenge,Default pass + challenge vouchers,14400,120.000,12286,102.383,120.000,0.853,1.000,0.486,0.445,0.415,0.076,0.147,0.000,0.000,0.167,0.522,0.111,0.720,0.731,0.323,0.786,0.895,0.881,0.000,0.000,0.000,0.214,0.000,0.000,0.212,0.837,0.000,0.323,0.000,0.000,0.000,0.720,0.000,0.000,0.000,0.000,0.000,0.000,0.000,0.000,0.000,0.000,0.000,0.000,0.000,0.000,0.000,0.000,0.000,0.000,0.000,0.000,0.651,0.660,0.000,0.000,0.000,0.000,0.000,0.000,0.000,0.000,0.047,0.380,0,0
era-6-crisis,Era 6 Crisis,"Stylized crisis-contention legislature with severe polarization, high party loyalty, intense lobbying, weak constituency responsiveness, and doubled proposal pressure.",1.000,default-pass-multiround-mediation-challenge,Default pass + multi-round mediation + challenge,14400,120.000,12894,107.450,120.000,0.895,1.000,0.493,0.417,0.442,0.189,0.105,0.000,0.000,0.167,0.488,0.087,0.375,0.386,0.331,0.805,0.898,1.007,0.000,0.000,0.000,0.195,0.778,0.338,0.122,0.876,0.305,0.399,0.000,0.000,0.000,0.375,0.000,0.000,0.000,0.000,0.000,0.000,0.000,0.000,0.000,0.000,0.000,0.000,0.000,0.000,0.000,0.000,0.000,0.000,0.000,0.000,0.636,0.651,0.000,0.000,0.000,0.000,0.000,0.000,0.000,0.000,0.047,0.373,0,0
era-6-crisis,Era 6 Crisis,"Stylized crisis-contention legislature with severe polarization, high party loyalty, intense lobbying, weak constituency responsiveness, and doubled proposal pressure.",1.000,default-pass-constituent-citizen-panel,Default pass + constituent public will + citizen panel,14400,120.000,4999,41.658,120.000,0.347,1.000,0.522,0.618,0.181,0.149,0.653,0.000,0.000,0.000,0.381,0.030,0.218,0.533,0.241,0.822,0.925,0.514,0.000,0.000,0.000,0.178,0.000,0.000,0.122,0.170,0.000,0.493,0.000,0.000,0.000,0.218,0.000,0.000,0.000,0.000,0.000,0.000,0.000,0.000,0.000,0.000,0.000,1.000,0.250,0.469,0.000,0.000,0.000,0.000,0.000,0.000,0.000,0.000,1.000,0.273,0.377,0.000,0.000,0.000,0.000,0.000,0.047,0.215,0,0
era-6-crisis,Era 6 Crisis,"Stylized crisis-contention legislature with severe polarization, high party loyalty, intense lobbying, weak constituency responsiveness, and doubled proposal pressure.",1.000,default-pass-adaptive-track-strict,Default pass + adaptive tracks strict,14400,120.000,2453,20.442,73.417,0.170,0.612,0.546,0.656,0.093,0.209,0.830,0.357,0.031,0.000,0.221,0.568,0.064,0.286,0.254,0.774,0.450,0.510,0.000,0.000,0.000,0.226,0.000,0.000,0.094,0.077,0.000,0.554,0.000,0.000,0.000,0.064,0.000,0.000,0.000,0.000,0.000,0.000,0.000,0.000,0.000,0.000,0.000,0.000,0.000,0.000,0.000,0.000,0.000,0.065,0.531,0.403,0.000,0.000,0.000,0.000,0.000,0.000,0.000,0.000,0.000,0.000,0.062,0.112,0,0
era-6-crisis,Era 6 Crisis,"Stylized crisis-contention legislature with severe polarization, high party loyalty, intense lobbying, weak constituency responsiveness, and doubled proposal pressure.",1.000,default-pass-alternatives-pairwise,Default pass + pairwise policy tournament,14400,120.000,7235,60.292,60.367,0.502,0.503,0.566,0.627,0.284,0.389,0.498,0.497,0.000,0.000,0.268,0.003,0.004,0.004,0.239,0.748,0.909,0.486,0.000,0.000,0.000,0.252,0.503,0.352,0.051,0.019,0.000,0.613,0.000,0.000,0.000,0.004,0.000,0.000,0.002,6.000,0.497,0.000,0.000,0.000,0.000,0.000,0.000,0.000,0.000,0.000,0.000,0.000,0.000,0.000,0.000,0.000,0.000,0.000,0.000,0.000,0.000,0.000,0.000,0.000,0.000,0.000,0.064,0.315,0,0
era-6-crisis,Era 6 Crisis,"Stylized crisis-contention legislature with severe polarization, high party loyalty, intense lobbying, weak constituency responsiveness, and doubled proposal pressure.",1.000,default-pass-affected-sponsor-gate,Default pass + affected-group sponsor gate,14400,120.000,747,6.225,6.233,0.052,0.052,0.532,0.796,0.028,0.319,0.948,0.948,0.000,0.000,0.394,0.823,0.010,0.135,0.111,0.691,0.239,0.173,0.000,0.000,0.000,0.309,0.000,0.000,0.021,0.005,0.000,0.671,0.000,0.000,0.000,0.010,0.000,0.000,0.000,0.000,0.000,0.000,0.000,0.000,0.000,0.000,0.000,0.000,0.000,0.000,0.000,0.000,0.000,0.000,0.000,0.000,0.000,0.000,0.000,0.000,0.000,0.052,0.089,0.468,0.000,0.000,0.221,0.041,0,0
era-6-crisis,Era 6 Crisis,"Stylized crisis-contention legislature with severe polarization, high party loyalty, intense lobbying, weak constituency responsiveness, and doubled proposal pressure.",1.000,default-pass-public-objection,Default pass + public objection window,14400,120.000,4955,41.292,120.000,0.344,1.000,0.520,0.586,0.179,0.153,0.656,0.000,0.000,0.000,0.378,0.325,0.172,0.403,0.248,0.780,0.801,0.564,0.000,0.000,0.000,0.220,0.000,0.000,0.122,0.180,0.000,0.475,0.000,0.000,0.000,0.172,0.000,0.000,0.000,0.000,0.000,0.000,0.000,0.000,0.000,0.000,0.000,0.000,0.000,0.000,0.000,0.722,0.000,0.000,0.000,0.000,0.000,0.000,0.000,0.000,0.000,0.000,0.000,0.000,0.000,0.000,0.047,0.202,0,0
era-6-crisis,Era 6 Crisis,"Stylized crisis-contention legislature with severe polarization, high party loyalty, intense lobbying, weak constituency responsiveness, and doubled proposal pressure.",1.000,default-pass-law-registry,Default pass + law registry,14400,120.000,12439,103.658,120.000,0.864,1.000,0.523,0.458,0.451,0.100,0.136,0.000,0.000,0.000,0.456,0.038,0.923,0.716,0.329,0.776,0.982,0.893,0.000,0.000,0.000,0.224,0.000,0.000,0.206,0.852,0.000,0.346,0.651,0.382,5.144,0.923,0.042,0.000,0.000,0.000,0.000,0.000,0.000,0.000,0.000,0.000,0.000,0.000,0.000,0.000,0.000,0.000,0.000,0.000,0.000,0.000,0.000,0.000,0.000,0.000,0.000,0.000,0.000,0.000,0.000,0.000,0.047,0.396,0,0
